{"stats":{"minecraft:dropped":{"minecraft:daylight_detector":4,"minecraft:iron_sword":2,"minecraft:birch_planks":5,"minecraft:dark_oak_stairs":1,"minecraft:diamond":2,"minecraft:crafting_table":16,"minecraft:lime_concrete_powder":1,"minecraft:lime_shulker_box":1,"minecraft:dark_oak_slab":1,"minecraft:spider_spawn_egg":1,"minecraft:green_shulker_box":1,"minecraft:red_wool":2,"minecraft:mossy_cobblestone_wall":3,"minecraft:rail":1,"minecraft:birch_slab":13,"minecraft:red_carpet":5,"minecraft:item_frame":13,"minecraft:cobblestone_stairs":11,"minecraft:dirt":13,"minecraft:redstone_lamp":6,"minecraft:grass":1,"minecraft:dark_oak_log":3,"minecraft:dark_oak_fence":2,"minecraft:dispenser":7,"minecraft:large_fern":1,"minecraft:cut_sandstone":8,"minecraft:light_gray_banner":4,"minecraft:sand":1,"minecraft:purple_wool":1,"minecraft:acacia_door":5,"minecraft:dark_oak_planks":16,"minecraft:black_stained_glass":1,"minecraft:white_wool":4,"minecraft:birch_stairs":2,"minecraft:armor_stand":2,"minecraft:bone":2,"minecraft:green_wool":3,"minecraft:gravel":1,"minecraft:dark_oak_door":28,"minecraft:diamond_block":1,"minecraft:lever":5,"minecraft:golden_chestplate":2,"minecraft:infested_chiseled_stone_bricks":2,"minecraft:yellow_wool":1,"minecraft:obsidian":1,"minecraft:oak_planks":4,"minecraft:fern":1,"minecraft:acacia_stairs":9,"minecraft:blue_stained_glass":2,"minecraft:brown_shulker_box":1,"minecraft:chiseled_stone_bricks":2,"minecraft:petrified_oak_slab":8,"minecraft:skeleton_skull":3,"minecraft:oak_wood":1,"minecraft:dropper":2,"minecraft:jungle_stairs":1,"minecraft:hopper":2,"minecraft:jungle_log":1,"minecraft:glowstone":4,"minecraft:ladder":20,"minecraft:chest":18,"minecraft:painting":15,"minecraft:spruce_slab":5,"minecraft:iron_bars":50,"minecraft:arrow":1,"minecraft:glass":31,"minecraft:stone_brick_stairs":18,"minecraft:netherrack":10,"minecraft:enchanting_table":1,"minecraft:purple_carpet":3,"minecraft:water_bucket":8,"minecraft:golden_boots":2,"minecraft:oak_slab":12,"minecraft:vine":3,"minecraft:cyan_stained_glass":1,"minecraft:clock":1,"minecraft:golden_helmet":2,"minecraft:mossy_cobblestone":12,"minecraft:bookshelf":16,"minecraft:horn_coral_block":1,"minecraft:diamond_leggings":1,"minecraft:oak_fence":15,"minecraft:cobblestone":19,"minecraft:iron_helmet":4,"minecraft:jungle_wood":1,"minecraft:observer":6,"minecraft:spruce_door":8,"minecraft:spruce_stairs":9,"minecraft:acacia_trapdoor":2,"minecraft:grass_block":4,"minecraft:polished_andesite":36,"minecraft:end_rod":1,"minecraft:sign":5,"minecraft:cobweb":5,"minecraft:iron_block":38,"minecraft:jungle_slab":1,"minecraft:light_blue_stained_glass":2,"minecraft:torch":18,"minecraft:gray_bed":1,"minecraft:yellow_glazed_terracotta":1,"minecraft:iron_door":13,"minecraft:iron_leggings":3,"minecraft:oak_stairs":6,"minecraft:green_glazed_terracotta":5,"minecraft:blue_glazed_terracotta":1,"minecraft:cactus":1,"minecraft:orange_bed":2,"minecraft:smooth_stone":1,"minecraft:trapped_chest":4,"minecraft:redstone":4,"minecraft:dandelion":2,"minecraft:chiseled_sandstone":1,"minecraft:stone_brick_slab":1,"minecraft:polished_diorite":2,"minecraft:farmland":5,"minecraft:furnace":13,"minecraft:bricks":8,"minecraft:green_terracotta":1,"minecraft:dragon_head":4,"minecraft:cobblestone_wall":8,"minecraft:jukebox":2,"minecraft:gray_glazed_terracotta":3,"minecraft:brown_glazed_terracotta":1,"minecraft:red_banner":5,"minecraft:tall_grass":1,"minecraft:iron_boots":3,"minecraft:nether_bricks":1,"minecraft:spruce_fence":16,"minecraft:glass_pane":8,"minecraft:flint_and_steel":9,"minecraft:diamond_sword":1,"minecraft:cobblestone_slab":1,"minecraft:stone":1,"minecraft:flower_pot":2,"minecraft:lime_glazed_terracotta":2,"minecraft:black_concrete_powder":1,"minecraft:diamond_chestplate":2,"minecraft:spruce_planks":34,"minecraft:iron_chestplate":4,"minecraft:quartz_stairs":3,"minecraft:mossy_stone_bricks":1,"minecraft:light_gray_bed":4,"minecraft:golden_leggings":2,"minecraft:oak_sapling":1,"minecraft:end_portal_frame":2,"minecraft:redstone_torch":3,"minecraft:stone_pressure_plate":20,"minecraft:stone_bricks":7,"minecraft:brown_carpet":3,"minecraft:diamond_boots":2,"minecraft:spruce_log":1,"minecraft:sandstone":1,"minecraft:bow":1,"minecraft:red_tulip":65,"minecraft:green_concrete_powder":1,"minecraft:dark_prismarine":9,"minecraft:red_sandstone_stairs":3,"minecraft:black_wool":7,"minecraft:quartz_slab":3,"minecraft:terracotta":1},"minecraft:custom":{"minecraft:interact_with_crafting_table":9,"minecraft:open_shulker_box":1,"minecraft:leave_game":64,"minecraft:time_since_death":2741292,"minecraft:sprint_one_cm":7696,"minecraft:drop":828,"minecraft:jump":2541,"minecraft:walk_on_water_one_cm":24846,"minecraft:interact_with_furnace":7,"minecraft:play_one_minute":2741292,"minecraft:crouch_one_cm":47248,"minecraft:inspect_dispenser":13,"minecraft:inspect_dropper":3,"minecraft:climb_one_cm":17927,"minecraft:walk_one_cm":2225777,"minecraft:sneak_time":67945,"minecraft:walk_under_water_one_cm":2318,"minecraft:pot_flower":29,"minecraft:time_since_rest":2741292,"minecraft:fly_one_cm":12068388,"minecraft:open_chest":4},"minecraft:picked_up":{"minecraft:iron_chestplate":3,"minecraft:flower_pot":1,"minecraft:red_sandstone_stairs":3,"minecraft:yellow_wool":1,"minecraft:diamond_sword":1,"minecraft:oak_stairs":4,"minecraft:stone_brick_stairs":12,"minecraft:iron_leggings":3,"minecraft:diamond_leggings":1,"minecraft:smooth_stone":1,"minecraft:spruce_planks":18,"minecraft:horn_coral_block":1,"minecraft:redstone_torch":3,"minecraft:furnace":7,"minecraft:iron_boots":2,"minecraft:dark_oak_door":25,"minecraft:golden_helmet":1,"minecraft:jukebox":1,"minecraft:oak_fence":11,"minecraft:farmland":4,"minecraft:torch":47,"minecraft:cyan_stained_glass":1,"minecraft:spruce_stairs":3,"minecraft:infested_chiseled_stone_bricks":1,"minecraft:vine":1,"minecraft:light_gray_banner":2,"minecraft:golden_chestplate":1,"minecraft:green_terracotta":1,"minecraft:brown_carpet":3,"minecraft:blue_stained_glass":2,"minecraft:orange_bed":2,"minecraft:cactus":1,"minecraft:light_gray_bed":2,"minecraft:blue_glazed_terracotta":1,"minecraft:iron_block":24,"minecraft:brown_shulker_box":1,"minecraft:red_tulip":1,"minecraft:green_wool":2,"minecraft:end_rod":1,"minecraft:glowstone":3,"minecraft:bookshelf":10,"minecraft:cobblestone":13,"minecraft:iron_bars":33,"minecraft:enchanting_table":1,"minecraft:iron_door":8,"minecraft:birch_slab":9,"minecraft:water_bucket":6,"minecraft:jungle_log":1,"minecraft:green_concrete_powder":1,"minecraft:golden_leggings":2,"minecraft:dirt":5,"minecraft:purple_carpet":4,"minecraft:sign":3,"minecraft:glass":22,"minecraft:bone":2,"minecraft:bow":1,"minecraft:oak_planks":3,"minecraft:lime_glazed_terracotta":2,"minecraft:gray_glazed_terracotta":3,"minecraft:dropper":2,"minecraft:sand":1,"minecraft:grass_block":2,"minecraft:acacia_stairs":5,"minecraft:trapped_chest":4,"minecraft:dark_oak_log":3,"minecraft:chiseled_sandstone":1,"minecraft:mossy_cobblestone":5,"minecraft:dark_prismarine":5,"minecraft:polished_andesite":27,"minecraft:dispenser":6,"minecraft:black_concrete_powder":1,"minecraft:diamond":2,"minecraft:lever":4,"minecraft:grass":1,"minecraft:netherrack":10,"minecraft:dark_oak_fence":2,"minecraft:bricks":5,"minecraft:crafting_table":11,"minecraft:purple_wool":1,"minecraft:ladder":24,"minecraft:redstone_lamp":4,"minecraft:dragon_head":4,"minecraft:large_fern":1,"minecraft:acacia_door":3,"minecraft:flint_and_steel":6,"minecraft:item_frame":9,"minecraft:quartz_slab":2,"minecraft:glass_pane":5,"minecraft:mossy_cobblestone_wall":2,"minecraft:observer":5,"minecraft:spruce_slab":3,"minecraft:chest":10,"minecraft:quartz_stairs":3,"minecraft:lime_shulker_box":1,"minecraft:black_stained_glass":1,"minecraft:spruce_fence":9,"minecraft:redstone":3,"minecraft:stone_pressure_plate":19,"minecraft:dark_oak_planks":8,"minecraft:arrow":1,"minecraft:diamond_chestplate":2,"minecraft:nether_bricks":1,"minecraft:diamond_boots":2,"minecraft:petrified_oak_slab":5,"minecraft:rail":1,"minecraft:skeleton_skull":1,"minecraft:white_wool":2,"minecraft:clock":1,"minecraft:cut_sandstone":6,"minecraft:birch_planks":2,"minecraft:yellow_glazed_terracotta":1,"minecraft:golden_boots":1,"minecraft:cobblestone_wall":2,"minecraft:cobblestone_stairs":6,"minecraft:red_carpet":3,"minecraft:stone_bricks":3,"minecraft:acacia_trapdoor":2,"minecraft:cobweb":5,"minecraft:tall_grass":1,"minecraft:gray_bed":1,"minecraft:iron_sword":1,"minecraft:oak_slab":4,"minecraft:green_glazed_terracotta":5,"minecraft:daylight_detector":4,"minecraft:chiseled_stone_bricks":2,"minecraft:red_wool":2,"minecraft:dandelion":2,"minecraft:birch_stairs":1,"minecraft:red_banner":6,"minecraft:spruce_log":1,"minecraft:light_blue_stained_glass":2,"minecraft:spruce_door":7,"minecraft:oak_wood":1,"minecraft:polished_diorite":1,"minecraft:iron_helmet":4,"minecraft:painting":9,"minecraft:terracotta":1,"minecraft:black_wool":5,"minecraft:hopper":2},"minecraft:mined":{"minecraft:light_gray_bed":2,"minecraft:orange_bed":1,"minecraft:gray_bed":1},"minecraft:used":{"minecraft:dispenser":60,"minecraft:spruce_slab":52,"minecraft:ladder":139,"minecraft:chest":120,"minecraft:stone":92,"minecraft:quartz_stairs":4,"minecraft:grass":16,"minecraft:farmland":984,"minecraft:green_terracotta":12,"minecraft:blue_stained_glass":28,"minecraft:nether_bricks":7,"minecraft:jungle_slab":5,"minecraft:obsidian":137,"minecraft:red_sandstone_stairs":19,"minecraft:glass":791,"minecraft:bricks":1394,"minecraft:quartz_slab":48,"minecraft:red_wool":69,"minecraft:grass_block":19,"minecraft:green_wool":123,"minecraft:dark_oak_slab":21,"minecraft:stone_brick_stairs":307,"minecraft:stone_bricks":1461,"minecraft:item_frame":61,"minecraft:red_carpet":317,"minecraft:redstone_lamp":49,"minecraft:brown_carpet":159,"minecraft:yellow_glazed_terracotta":13,"minecraft:furnace":88,"minecraft:gray_bed":6,"minecraft:skeleton_skull":1,"minecraft:lime_glazed_terracotta":48,"minecraft:spider_spawn_egg":32,"minecraft:dark_oak_stairs":8,"minecraft:mossy_stone_bricks":165,"minecraft:spruce_door":32,"minecraft:end_rod":1,"minecraft:dropper":5,"minecraft:acacia_trapdoor":13,"minecraft:oak_planks":20,"minecraft:cactus":1,"minecraft:lime_concrete_powder":6,"minecraft:sandstone":1,"minecraft:white_wool":504,"minecraft:sand":10,"minecraft:infested_chiseled_stone_bricks":185,"minecraft:black_concrete_powder":8,"minecraft:redstone_torch":20,"minecraft:lever":8,"minecraft:chiseled_sandstone":5,"minecraft:daylight_detector":5,"minecraft:acacia_door":8,"minecraft:dark_oak_log":467,"minecraft:birch_slab":112,"minecraft:sign":8,"minecraft:iron_door":70,"minecraft:gravel":212,"minecraft:dark_oak_fence":13,"minecraft:green_concrete_powder":29,"minecraft:mossy_cobblestone_wall":197,"minecraft:purple_wool":12,"minecraft:cobweb":98,"minecraft:oak_fence":249,"minecraft:petrified_oak_slab":80,"minecraft:iron_bars":2072,"minecraft:enchanting_table":1,"minecraft:flint_and_steel":22,"minecraft:armor_stand":14,"minecraft:spruce_planks":19251,"minecraft:brown_shulker_box":1,"minecraft:netherrack":27,"minecraft:orange_bed":3,"minecraft:green_glazed_terracotta":341,"minecraft:torch":1293,"minecraft:dirt":5501,"minecraft:hopper":18,"minecraft:spruce_stairs":158,"minecraft:cobblestone_wall":281,"minecraft:oak_wood":291,"minecraft:spruce_fence":835,"minecraft:light_blue_stained_glass":7,"minecraft:polished_diorite":299,"minecraft:stone_brick_slab":1,"minecraft:dark_oak_planks":3460,"minecraft:bookshelf":566,"minecraft:iron_block":8971,"minecraft:oak_stairs":81,"minecraft:jungle_log":35,"minecraft:glowstone":62,"minecraft:black_stained_glass":1,"minecraft:tall_grass":156,"minecraft:gray_glazed_terracotta":135,"minecraft:trapped_chest":31,"minecraft:horn_coral_block":7,"minecraft:stone_pressure_plate":96,"minecraft:light_gray_bed":11,"minecraft:observer":74,"minecraft:water_bucket":49,"minecraft:cobblestone_stairs":353,"minecraft:birch_planks":853,"minecraft:polished_andesite":20841,"minecraft:cut_sandstone":1714,"minecraft:cobblestone_slab":3,"minecraft:jungle_wood":25,"minecraft:mossy_cobblestone":5890,"minecraft:diamond_block":2,"minecraft:terracotta":110,"minecraft:light_gray_banner":10,"minecraft:rail":18,"minecraft:vine":183,"minecraft:oak_slab":251,"minecraft:crafting_table":203,"minecraft:painting":249,"minecraft:brown_glazed_terracotta":10,"minecraft:spruce_log":99,"minecraft:dark_oak_door":159,"minecraft:dark_prismarine":733,"minecraft:flower_pot":30,"minecraft:acacia_stairs":21,"minecraft:black_wool":510,"minecraft:jungle_stairs":1,"minecraft:yellow_wool":24,"minecraft:chiseled_stone_bricks":256,"minecraft:green_shulker_box":1,"minecraft:cobblestone":2856,"minecraft:red_banner":66,"minecraft:glass_pane":327,"minecraft:end_portal_frame":9,"minecraft:purple_carpet":327,"minecraft:smooth_stone":3,"minecraft:jukebox":2,"minecraft:birch_stairs":660}},"DataVersion":1631}